Accountant,Benjamin_Wade8179@cdpfn.tech,Benjamin Wade
Accountant,Makenzie_Pitt3650@6ijur.store,Makenzie Pitt
Accountant,Margot_Vangness5620@c2nyu.page,Margot Vangness
Accountant,Ramon_Lomax5539@iaart.net,Ramon Lomax
Accountant,Rufus_Alldridge7278@crzq7.space,Rufus Alldridge
Ambulatory Nurse,Caitlyn_Cavanagh7132@bu2lo.video,Caitlyn Cavanagh
Ambulatory Nurse,Chester_Butler4572@nmz0p.catering,Chester Butler
Ambulatory Nurse,Chloe_Jeffery9627@1wa8o.tech,Chloe Jeffery
Ambulatory Nurse,Denny_Forth3466@xqj6f.works,Denny Forth
Ambulatory Nurse,Jaylene_Chadwick711@crzq7.video,Jaylene Chadwick
Ambulatory Nurse,Joseph_John2887@karnv.site,Joseph John
Ambulatory Nurse,Lindsay_Morgan6169@qu9ml.info,Lindsay Morgan
Ambulatory Nurse,Regina_Whinter246@nanoff.space,Regina Whinter
Assistant Buyer,Camden_Hobbs3586@iaart.us,Camden Hobbs
Assistant Buyer,Daniel_Bailey9007@urn0m.space,Daniel Bailey
Assistant Buyer,Danny_Mould2489@3wbkp.autos,Danny Mould
Assistant Buyer,Emmanuelle_Vernon3913@jh02o.website,Emmanuelle Vernon
Assistant Buyer,Javier_Ballard9928@p5emz.store,Javier Ballard
Assistant Buyer,Nick_Jarrett5855@6ijur.property,Nick Jarrett
Assistant Buyer,Oliver_Hobson5204@yfxpw.works,Oliver Hobson
Assistant Buyer,Rebecca_Robinson712@cke3u.services,Rebecca Robinson
Assistant Buyer,Sadie_Duvall3856@ohqqh.autos,Sadie Duvall
Associate Professor,Benny_Gallacher4931@jcf8v.store,Benny Gallacher
Associate Professor,Denis_Bell1198@gnjps.center,Denis Bell
Associate Professor,Gabriel_Weldon9144@voylg.biz,Gabriel Weldon
Associate Professor,Jackeline_Morrow5416@3wbkp.autos,Jackeline Morrow
Associate Professor,Karla_Wade9025@uagvw.autos,Karla Wade
Associate Professor,Lucas_Stewart2209@dvqq2.website,Lucas Stewart
Associate Professor,William_Bloom6247@crzq7.design,William Bloom
Audiologist,Audrey_Stubbs1529@1wa8o.catering,Audrey Stubbs
Audiologist,Barry_Turner8907@kyb7t.software,Barry Turner
Audiologist,Ethan_Truscott4083@urn0m.shop,Ethan Truscott
Audiologist,Harvey_Wellington635@3wbkp.org,Harvey Wellington
Audiologist,Hayden_Ring9056@gnjps.works,Hayden Ring
Audiologist,Jasmine_Evans4962@bqkv0.software,Jasmine Evans
Audiologist,Kendra_Pearce6199@kyb7t.info,Kendra Pearce
Audiologist,Mackenzie_Nayler6781@voylg.site,Mackenzie Nayler
Audiologist,Maria_Roman8823@iaart.mobi,Maria Roman
Audiologist,Martin_Parsons1907@voylg.host,Martin Parsons
Audiologist,Melody_Thatcher9612@xtwt3.info,Melody Thatcher
Audiologist,Rosalie_Ianson3772@xqj6f.business,Rosalie Ianson
Auditor,Danny_Jones9019@yafr7.design,Danny Jones
Auditor,Elijah_Skinner9807@crzq7.us,Elijah Skinner
Auditor,Harmony_Wilson1348@evyvh.works,Harmony Wilson
Auditor,Margaret_Ryan6055@evyvh.zone,Margaret Ryan
Auditor,Maxwell_Durrant9627@yahoo.directory,Maxwell Durrant
Auditor,Michelle_Kerr3343@evyvh.digital,Michelle Kerr
Baker,Audrey_Matthews1461@cdpfn.page,Audrey Matthews
Baker,Eve_Connell573@xqj6f.com,Eve Connell
Baker,Leroy_Wright659@cke3u.business,Leroy Wright
Baker,Lynn_Bradley7825@xtwt3.autos,Lynn Bradley
Baker,Marjorie_Squire4085@kyb7t.autos,Marjorie Squire
Baker,Mina_Garner566@evyvh.digital,Mina Garner
Baker,Rufus_Hopkins1424@d9un8.space,Rufus Hopkins
Banker,Ally_Milner6850@yafr7.net,Ally Milner
Banker,Denny_Holt5912@jcf8v.us,Denny Holt
Banker,Gloria_Chester273@urn0m.auction,Gloria Chester
Banker,Leroy_Simpson170@3wbkp.net,Leroy Simpson
Banker,Luke_Page 6663@c2nyu.mobi,Luke Page
Banker,Marvin_Purvis1629@hepmv.org,Marvin Purvis
Banker,Ruby_Asher7793@v1wn5.property,Ruby Asher
Banker,Rufus_Wilson4873@jcf8v.website,Rufus Wilson
Bellman,Bart_Wilkinson2321@v1wn5.video,Bart Wilkinson
Bellman,Caleb_Tailor971@xtwt3.works,Caleb Tailor
Bellman,Jayden_Cavanagh4014@ds59r.audio,Jayden Cavanagh
Bellman,Michelle_Allcott5180@iscmr.software,Michelle Allcott
Bellman,Nicholas_Thomas4496@iaart.website,Nicholas Thomas
Bellman,Ramon_Styles7345@xqj6f.shop,Ramon Styles
Bellman,Shannon_Dwyer7516@ptr6k.online,Shannon Dwyer
Biologist,Aileen_Jones4815@yafr7.store,Aileen Jones
Biologist,Cara_Dixon7033@dbxli.digital,Cara Dixon
Biologist,Mark_Salt6905@voylg.org,Mark Salt
Biologist,Megan_Nobbs7286@xtwt3.space,Megan Nobbs
Biologist,Miley_King2101@lhp4j.ca,Miley King
Biologist,Miriam_Poole3583@evyvh.digital,Miriam Poole
Biologist,Roger_Butler6223@p5emz.com,Roger Butler
Biologist,Ronald_Noon7784@evyvh.digital,Ronald Noon
Biologist,Teagan_Mcneill2596@bu2lo.catering,Teagan Mcneill
Biologist,Victoria_Rodwell2618@qu9ml.zone,Victoria Rodwell
Biologist,Vivian_Hunter733@avn7d.name,Vivian Hunter
Bookkeeper,Anthony_Maxwell5542@xtwt3.app,Anthony Maxwell
Bookkeeper,Catherine_Herbert1608@c2nyu.com,Catherine Herbert
Bookkeeper,Courtney_Little8937@xqj6f.meet,Courtney Little
Bookkeeper,Jack_Nanton6653@cke3u.org,Jack Nanton
Bookkeeper,Joseph_Stone 5908@ds59r.catering,Joseph Stone
Bookkeeper,Rocco_Everett7699@ohqqh.space,Rocco Everett
Bookkeeper,Stacy_Furnell8636@kyb7t.business,Stacy Furnell
Budget Analyst,Blake_Bailey896@gkvds.website,Blake Bailey
Budget Analyst,Crystal_Evans7753@gkvds.works,Crystal Evans
Budget Analyst,Dani_Newton4581@1wa8o.auction,Dani Newton
Budget Analyst,George_Roscoe2694@6ijur.shop,George Roscoe
Budget Analyst,Kieth_Cobb7691@dbxli.solutions,Kieth Cobb
Budget Analyst,Kieth_Jones9033@uagvw.net,Kieth Jones
Budget Analyst,Lexi_Rothwell5875@v1wn5.directory,Lexi Rothwell
Budget Analyst,Ramon_Shaw4701@lyvnc.store,Ramon Shaw
Business Broker,Catherine_Martin9476@yvu30.biz,Catherine Martin
Business Broker,Chester_Gosling3769@gnjps.audio,Chester Gosling
Business Broker,Enoch_Wills8824@dbxli.works,Enoch Wills
Business Broker,Jackeline_Bennett8356@gnjps.mobi,Jackeline Bennett
Business Broker,Josephine_Holmes6265@dvqq2.org,Josephine Holmes
Business Broker,Leroy_Crawford1496@d9un8.store,Leroy Crawford
Business Broker,Lindsay_Gibson6627@yafr7.directory,Lindsay Gibson
Business Broker,Nathan_Saunders9935@nanoff.org,Nathan Saunders
Business Broker,Ramon_Trent7717@bqkv0.audio,Ramon Trent
Business Broker,Sloane_Wright676@urn0m.press,Sloane Wright
Business Broker,Wendy_Bradshaw3403@ag5wi.audio,Wendy Bradshaw
CNC Operator,Anais_Vane5683@6ijur.shop,Anais Vane
CNC Operator,Angelina_Olson9356@mpibr.store,Angelina Olson
CNC Operator,Bryon_Fulton6420@nmz0p.works,Bryon Fulton
CNC Operator,Chad_Richardson8277@yfxpw.meet,Chad Richardson
CNC Operator,Harry_Clifford2488@qu9ml.mobi,Harry Clifford
CNC Operator,Ramon_Dillon9835@3wbkp.catering,Ramon Dillon
CNC Operator,Ron_Waterson5174@nanoff.website,Ron Waterson
CNC Operator,Sloane_Isaac6548@v1wn5.autos,Sloane Isaac
Call Center Representative,Andie_Thompson9274@dbxli.app,Andie Thompson
Call Center Representative,Benjamin_Myatt8893@c2nyu.website,Benjamin Myatt
Call Center Representative,Benny_Matthews5623@yvu30.directory,Benny Matthews
Call Center Representative,Claire_Hood8929@ptr6k.app,Claire Hood
Call Center Representative,Daron_Shaw7926@lhp4j.meet,Daron Shaw
Call Center Representative,Jack_Ianson4245@chkzl.digital,Jack Ianson
Call Center Representative,Liam_Gaynor655@dbxli.solutions,Liam Gaynor
Call Center Representative,Sofie_Latham6380@ohqqh.services,Sofie Latham
Cash Manager,Barney_Addis5395@ptr6k.mobi,Barney Addis
Cash Manager,Esmeralda_Holmes8372@1wa8o.edu,Esmeralda Holmes
Cash Manager,Georgia_Morris2942@v1wn5.directory,Georgia Morris
Cash Manager,Havana_Milner2799@y96lx.net,Havana Milner
Cash Manager,Javier_Boyle56@bcfhs.name,Javier Boyle
Cash Manager,Jayden_Higgs4248@crzq7.center,Jayden Higgs
Cash Manager,Joy_Quinton3685@ckzyi.press,Joy Quinton
Cash Manager,Margot_Woodley9749@evyvh.catering,Margot Woodley
Cash Manager,Michael_Corbett4958@qu9ml.press,Michael Corbett
Cash Manager,Mike_Ranks1271@yvu30.property,Mike Ranks
Cash Manager,Wade_Callan469@qu9ml.directory,Wade Callan
Cashier,Analise_Everett1455@c2nyu.online,Analise Everett
Cashier,Belinda_Ralph5421@1kmd3.shop,Belinda Ralph
Cashier,Nate_Newton4453@lhp4j.tech,Nate Newton
Cashier,Nick_Malone6063@lyvnc.meet,Nick Malone
Cashier,Percy_Cadman3660@uagvw.site,Percy Cadman
Cashier,Rosalie_Robe3991@jh02o.website,Rosalie Robe
Cashier,Rufus_Bright6596@bu2lo.auction,Rufus Bright
Cashier,Tyler_Holmes3857@kyb7t.site,Tyler Holmes
Chef Manager,Abdul_Harris9816@karnv.host,Abdul Harris
Chef Manager,Alexa_Kirby6528@bqkv0.site,Alexa Kirby
Chef Manager,Barney_Thorne7808@dbxli.website,Barney Thorne
Chef Manager,Elijah_Flack2643@dbxli.center,Elijah Flack
Chef Manager,Emmanuelle_Weldon9637@lyvnc.online,Emmanuelle Weldon
Chef Manager,Ethan_Cann4332@gkvds.edu,Ethan Cann
Chef Manager,Javier_Button6030@cke3u.mobi,Javier Button
Chef Manager,Johnathan_Stewart3793@3wbkp.tech,Johnathan Stewart
Chef Manager,Lynn_Addis4593@iscmr.media,Lynn Addis
Chef Manager,Maggie_Foxley5643@ohqqh.website,Maggie Foxley
Chef Manager,Makenzie_Mccormick6981@nmz0p.meet,Makenzie Mccormick
Chef Manager,Makenzie_Wright1157@1wa8o.autos,Makenzie Wright
Chef Manager,Marvin_Drew8766@crzq7.host,Marvin Drew
Chef Manager,Violet_Davies8391@yfxpw.store,Violet Davies
Clerk,Aileen_Mcleod7777@3wbkp.design,Aileen Mcleod
Clerk,Aisha_Franks9200@p5emz.autos,Aisha Franks
Clerk,Doug_Kaur3612@d9un8.info,Doug Kaur
Clerk,Jaylene_Yang1547@yvu30.shop,Jaylene Yang
Clerk,Jenna_Lindop2239@karnv.business,Jenna Lindop
Clerk,Penny_Brett124@iscmr.shop,Penny Brett
Clerk,Roger_Uddin375@hepmv.info,Roger Uddin
Cook,Alan_Glynn3012@3wbkp.edu,Alan Glynn
Cook,Bart_Mullins531@ptr6k.catering,Bart Mullins
Cook,Darlene_Bowen7510@jcf8v.space,Darlene Bowen
Cook,Doug_Vince9341@qu9ml.edu,Doug Vince
Cook,Gemma_Tennant9083@avn7d.space,Gemma Tennant
Cook,Hank_Hamilton6717@v1wn5.center,Hank Hamilton
Cook,Henry_Salt821@iscmr.name,Henry Salt
Cook,Holly_Dickson2245@iscmr.name,Holly Dickson
Cook,Maxwell_Owens8630@jcf8v.audio,Maxwell Owens
Cook,Quinn_Lindop3207@3wbkp.page,Quinn Lindop
Cook,Rufus_Whitehouse9501@6ijur.store,Rufus Whitehouse
Dentist,Eden_Allen2296@p5emz.org,Eden Allen
Dentist,Joy_Saunders7728@zynuu.pro,Joy Saunders
Dentist,Kate_Whatson152@d9un8.services,Kate Whatson
Dentist,Renee_Grady9196@iscmr.business,Renee Grady
Design Engineer,Chester_Bailey7337@evyvh.org,Chester Bailey
Design Engineer,Kurt_Neville4506@nb44i.autos,Kurt Neville
Design Engineer,Nathan_Bright8468@lhp4j.website,Nathan Bright
Design Engineer,Norah_Ogilvy178@iscmr.video,Norah Ogilvy
Design Engineer,Ronald_Jackson6445@uagvw.zone,Ronald Jackson
Design Engineer,Ronald_Vinton2614@v1wn5.store,Ronald Vinton
Design Engineer,Stephanie_Giles8210@xqj6f.name,Stephanie Giles
Design Engineer,Stephanie_Vaughan9051@dbxli.auction,Stephanie Vaughan
Designer,Angelina_Richardson6698@chkzl.zone,Angelina Richardson
Designer,Chuck_Walker7937@3wbkp.space,Chuck Walker
Designer,Deborah_Griffiths5915@v1wn5.autos,Deborah Griffiths
Designer,Harvey_Jobson476@nanoff.zone,Harvey Jobson
Designer,Jayden_Allen3915@iscmr.auction,Jayden Allen
Designer,Mason_Coates8458@gnjps.design,Mason Coates
Designer,Rebecca_Dillon4238@yafr7.directory,Rebecca Dillon
Designer,Rita_Uttley474@lyvnc.catering,Rita Uttley
Designer,Sloane_Redden3373@fhuux.press,Sloane Redden
Designer,Sydney_Redwood4764@3wbkp.center,Sydney Redwood
Doctor,Alexa_Smith8135@cke3u.press,Alexa Smith
Doctor,Cameron_Riley5950@ohqqh.digital,Cameron Riley
Doctor,Carissa_Blythe8145@voylg.shop,Carissa Blythe
Doctor,Celia_Ellis5469@jh02o.club,Celia Ellis
Doctor,Chester_Owens9675@xqj6f.center,Chester Owens
Doctor,Claire_Welsch7213@uagvw.directory,Claire Welsch
Doctor,Jacob_Bradley899@ds59r.zone,Jacob Bradley
Doctor,Jayden_Snell4458@jcf8v.center,Jayden Snell
Doctor,Natalie_Utterson185@hepmv.shop,Natalie Utterson
Doctor,Penny_Saunders5799@hepmv.biz,Penny Saunders
Doctor,Ryan_Collingwood4955@1kmd3.solutions,Ryan Collingwood
Doctor,Zoe_Snow1144@1kmd3.net,Zoe Snow
Electrician,Carl_Camden244@dvqq2.name,Carl Camden
Electrician,Gloria_Smith2468@1wa8o.zone,Gloria Smith
Electrician,Hayden_Collins5427@ds59r.biz,Hayden Collins
Electrician,Liliana_Plumb846@3wbkp.website,Liliana Plumb
Electrician,Louise_Butler9714@bcfhs.org,Louise Butler
Electrician,Luke_Bristow4756@1kmd3.mobi,Luke Bristow
Electrician,Rebecca_Harrington4294@y96lx.design,Rebecca Harrington
Executive Director,Alan_Pickard9121@xtwt3.auction,Alan Pickard
Executive Director,Hank_Mackenzie2525@chkzl.site,Hank Mackenzie
Executive Director,Kamila_Casey4535@xtwt3.design,Kamila Casey
Executive Director,Maia_Attwood7051@evyvh.info,Maia Attwood
Executive Director,Mark_Speed9825@iscmr.biz,Mark Speed
Executive Director,Noah_Hogg7856@ptr6k.autos,Noah Hogg
Executive Director,Owen_Hepburn6746@zynuu.directory,Owen Hepburn
Executive Director,Sebastian_Selby8927@ohqqh.app,Sebastian Selby
Fabricator,Camden_Hill9498@1wa8o.autos,Camden Hill
Fabricator,David_Jones2260@ckzyi.ca,David Jones
Fabricator,Destiny_Neal1821@zynuu.solutions,Destiny Neal
Fabricator,Jessica_Webster4884@ohqqh.shop,Jessica Webster
Fabricator,John_Knight2403@p5emz.shop,John Knight
Fabricator,Juliet_Simmons6564@nanoff.directory,Juliet Simmons
Fabricator,Liv_Rossi8998@yafr7.solutions,Liv Rossi
Fabricator,Moira_Drummond6223@v1wn5.tech,Moira Drummond
Food Technologist,Dasha_Davies9628@hepmv.solutions,Dasha Davies
Food Technologist,Gina_Fisher6344@ds59r.catering,Gina Fisher
Food Technologist,Irene_Powell9881@chkzl.app,Irene Powell
Front Desk Coordinator,Allison_Butler7225@xqj6f.store,Allison Butler
Front Desk Coordinator,Anne_Warden7836@p5emz.property,Anne Warden
Front Desk Coordinator,Chloe_Hope3524@hepmv.website,Chloe Hope
Front Desk Coordinator,Clint_Beal1006@p5emz.media,Clint Beal
Front Desk Coordinator,Jack_Nicholls2965@gkvds.net,Jack Nicholls
Front Desk Coordinator,Joseph_Reid5788@yahoo.media,Joseph Reid
Front Desk Coordinator,Madelyn_Townend1069@yahoo.net,Madelyn Townend
Front Desk Coordinator,Russel_Murray6862@yfxpw.auction,Russel Murray
Front Desk Coordinator,Ruth_Moreno8018@cdpfn.auction,Ruth Moreno
Front Desk Coordinator,Ryan_Snow3622@evyvh.works,Ryan Snow
Front Desk Coordinator,Sabina_Grady8892@c2nyu.host,Sabina Grady
Front Desk Coordinator,Tony_Kerr9896@nanoff.edu,Tony Kerr
Global Logistics Supervisor,Abdul_Jordan3843@lyvnc.media,Abdul Jordan
Global Logistics Supervisor,Analise_Atkinson6101@evyvh.mobi,Analise Atkinson
Global Logistics Supervisor,Joseph_Owens106@zynuu.net,Joseph Owens
Global Logistics Supervisor,Josh_Ingram2709@karnv.autos,Josh Ingram
Global Logistics Supervisor,Leroy_Rosenbloom7272@lhp4j.works,Leroy Rosenbloom
Global Logistics Supervisor,Rick_Gordon1784@3wbkp.info,Rick Gordon
Global Logistics Supervisor,Rosemary_Lyon8948@voylg.online,Rosemary Lyon
HR Coordinator,Benjamin_Lynch7821@karnv.app,Benjamin Lynch
HR Coordinator,Boris_Nobbs8440@yahoo.info,Boris Nobbs
HR Coordinator,Callie_Collins4827@kyb7t.club,Callie Collins
HR Coordinator,Jane_Robertson7447@nanoff.website,Jane Robertson
HR Coordinator,Mabel_Boden3847@bu2lo.works,Mabel Boden
HR Coordinator,Mark_Rose6876@fhuux.audio,Mark Rose
HR Coordinator,Matthew_Stevenson194@evyvh.info,Matthew Stevenson
HR Coordinator,Sofie_Burge9695@karnv.site,Sofie Burge
HR Specialist,Boris_Weasley8894@iaart.works,Boris Weasley
HR Specialist,Gemma_Fox3627@ag5wi.net,Gemma Fox
HR Specialist,Kassandra_May5405@evyvh.biz,Kassandra May
HR Specialist,Liam_Hastings7113@p5emz.store,Liam Hastings
HR Specialist,Marvin_Rodgers7967@iaart.org,Marvin Rodgers
Health Educator,Alan_Powell4494@jcf8v.info,Alan Powell
Health Educator,Anthony_Gunn9174@urn0m.design,Anthony Gunn
Health Educator,Danny_Hopkins5300@avn7d.zone,Danny Hopkins
Health Educator,Elijah_Dixon5948@bu2lo.net,Elijah Dixon
Health Educator,Freya_Shepherd2716@evyvh.store,Freya Shepherd
Health Educator,Mary_Moran6149@iscmr.ca,Mary Moran
Health Educator,Matt_Simpson6606@p5emz.press,Matt Simpson
Health Educator,Stacy_Rogers7025@mpibr.meet,Stacy Rogers
Health Educator,Summer_Townend2174@hepmv.directory,Summer Townend
Healthcare Specialist,Carl_Andrews3531@d9un8.catering,Carl Andrews
Healthcare Specialist,Dani_Purvis7598@zynuu.website,Dani Purvis
Healthcare Specialist,Domenic_Egerton4557@fhuux.video,Domenic Egerton
Healthcare Specialist,Ethan_Donovan3699@mpibr.info,Ethan Donovan
Healthcare Specialist,Ethan_Lowe7525@yahoo.solutions,Ethan Lowe
Healthcare Specialist,Kassandra_Ingham9223@6ijur.meet,Kassandra Ingham
IT Support Staff,Benny_Keys8232@jh02o.shop,Benny Keys
IT Support Staff,Carter_Haines5695@crzq7.center,Carter Haines
IT Support Staff,Charlize_Marshall8751@p5emz.design,Charlize Marshall
IT Support Staff,Domenic_Miller2953@bu2lo.center,Domenic Miller
IT Support Staff,Evelynn_White6644@cdpfn.video,Evelynn White
IT Support Staff,Hazel_Jones9355@dvqq2.host,Hazel Jones
IT Support Staff,Leroy_Thompson8294@crzq7.space,Leroy Thompson
IT Support Staff,Lillian_Trent703@crzq7.com,Lillian Trent
IT Support Staff,Victoria_Newman2734@bcfhs.business,Victoria Newman
Inspector,Angela_Grant5329@lhp4j.app,Angela Grant
Inspector,Charlize_Terry4052@dbxli.property,Charlize Terry
Inspector,Daron_Hope8962@6ijur.catering,Daron Hope
Inspector,Fred_Pitt4585@chkzl.space,Fred Pitt
Inspector,Freya_Judd6852@yahoo.biz,Freya Judd
Inspector,Lorraine_Walsh1854@1wa8o.app,Lorraine Walsh
Inspector,Norah_Waterhouse2112@gkvds.store,Norah Waterhouse
Inspector,Peter_Tanner4381@hepmv.mobi,Peter Tanner
Inspector,Samara_Oakley2078@dvqq2.meet,Samara Oakley
Inspector,Selena_Bailey5713@mpibr.store,Selena Bailey
Inspector,Valentina_Wilkinson1681@dbxli.com,Valentina Wilkinson
Inspector,Wendy_Farmer4260@chkzl.zone,Wendy Farmer
Insurance Broker,Analise_Power4817@crzq7.ca,Analise Power
Insurance Broker,Dani_Larsen1059@evyvh.directory,Dani Larsen
Insurance Broker,Doris_Addis2040@gkvds.ca,Doris Addis
Insurance Broker,Fred_Wheeler2345@y96lx.edu,Fred Wheeler
Insurance Broker,Jackeline_Bullock2146@y96lx.services,Jackeline Bullock
Insurance Broker,Jacqueline_Buckley1172@yvu30.solutions,Jacqueline Buckley
Insurance Broker,Josephine_Walter5701@nb44i.tech,Josephine Walter
Insurance Broker,Kenzie_Pierce3700@c2nyu.page,Kenzie Pierce
Insurance Broker,Livia_Gaynor6967@1wa8o.press,Livia Gaynor
Insurance Broker,Tony_Mackenzie3540@xqj6f.space,Tony Mackenzie
Insurance Broker,William_Squire7912@xqj6f.com,William Squire
Investment  Advisor,Alan_Pond6850@p5emz.software,Alan Pond
Investment  Advisor,Aleksandra_Pratt6328@6ijur.services,Aleksandra Pratt
Investment  Advisor,George_Drummond3604@jcf8v.biz,George Drummond
Investment  Advisor,Helen_Vince4585@dbxli.biz,Helen Vince
Investment  Advisor,Leroy_Jenkin874@evyvh.autos,Leroy Jenkin
Investment  Advisor,Lindsay_Adams9473@mpibr.us,Lindsay Adams
Investment  Advisor,Noah_Harrington1255@ag5wi.info,Noah Harrington
Investment  Advisor,Noah_Salt1384@chkzl.space,Noah Salt
Investment  Advisor,Rosa_Saunders8912@kyb7t.digital,Rosa Saunders
Investment  Advisor,Thea_Wills9837@jh02o.host,Thea Wills
Laboratory Technician,Caleb_Carpenter6826@lyvnc.website,Caleb Carpenter
Laboratory Technician,Daron_Lane3757@c2nyu.business,Daron Lane
Laboratory Technician,Ethan_Little8885@mpibr.name,Ethan Little
Laboratory Technician,Katelyn_Roscoe5958@cke3u.works,Katelyn Roscoe
Laboratory Technician,Marvin_Jarrett4369@gkvds.org,Marvin Jarrett
Laboratory Technician,Michael_Gavin8507@yafr7.edu,Michael Gavin
Laboratory Technician,Nathan_Johnson3387@y96lx.meet,Nathan Johnson
Laboratory Technician,Nick_Allcott1169@hepmv.store,Nick Allcott
Laboratory Technician,Quinn_Drummond3256@cdpfn.edu,Quinn Drummond
Laboratory Technician,Rosalee_Emmott9175@yahoo.directory,Rosalee Emmott
Laboratory Technician,Vanessa_Ulyatt4323@cdpfn.shop,Vanessa Ulyatt
Lecturer,Elly_Clark3619@ag5wi.press,Elly Clark
Lecturer,Kurt_Terry9451@avn7d.website,Kurt Terry
Lecturer,Michael_Hope2484@voylg.edu,Michael Hope
Lecturer,Peter_Gonzales4455@fhuux.com,Peter Gonzales
Lecturer,Rick_Penn5261@ds59r.page,Rick Penn
Loan Officer,Aileen_Buckley4052@bu2lo.us,Aileen Buckley
Loan Officer,Anthony_Hastings1422@mpibr.website,Anthony Hastings
Loan Officer,Carol_Wild8026@yafr7.property,Carol Wild
Loan Officer,Cassandra_Collis3853@urn0m.space,Cassandra Collis
Loan Officer,Daron_Welsch8183@yvu30.net,Daron Welsch
Loan Officer,Erica_Andrews168@nb44i.audio,Erica Andrews
Loan Officer,Estrella_Rowlands757@lhp4j.autos,Estrella Rowlands
Loan Officer,George_Phillips3830@avn7d.info,George Phillips
Loan Officer,Johnny_Appleton264@qu9ml.catering,Johnny Appleton
Loan Officer,Wade_Dyson89@nanoff.media,Wade Dyson
Machine Operator,Benny_Raven7489@cdpfn.center,Benny Raven
Machine Operator,Chanelle_Turner9446@cdpfn.zone,Chanelle Turner
Machine Operator,Hadley_Gregory6184@y96lx.space,Hadley Gregory
Machine Operator,Harvey_Owen9920@avn7d.edu,Harvey Owen
Machine Operator,Julius_John8714@nmz0p.auction,Julius John
Machine Operator,Maddison_Mccormick8600@cke3u.works,Maddison Mccormick
Machine Operator,Nathan_Malone2535@dvqq2.site,Nathan Malone
Machine Operator,Nathan_Shea9363@crzq7.press,Nathan Shea
Machine Operator,Peter_Bryson9101@kyb7t.online,Peter Bryson
Machine Operator,Rufus_Chapman928@hepmv.page,Rufus Chapman
Machine Operator,Tyson_Ward9564@ohqqh.shop,Tyson Ward
Mobile Developer,Adina_Rose9191@dvqq2.website,Adina Rose
Mobile Developer,Chris_Needham5544@v1wn5.video,Chris Needham
Mobile Developer,Chris_Saunders9778@y96lx.solutions,Chris Saunders
Mobile Developer,Cynthia_Clark698@avn7d.space,Cynthia Clark
Mobile Developer,Danny_Robinson5187@1kmd3.audio,Danny Robinson
Mobile Developer,Daria_Gibbons2147@cdpfn.page,Daria Gibbons
Mobile Developer,Gabriel_Blythe8623@jh02o.website,Gabriel Blythe
Mobile Developer,Makenzie_Sawyer5989@jcf8v.mobi,Makenzie Sawyer
Mobile Developer,Nate_Robinson6724@iscmr.meet,Nate Robinson
Mobile Developer,Phillip_Pope1893@1wa8o.info,Phillip Pope
Operator,Alan_Kennedy7176@bqkv0.info,Alan Kennedy
Operator,George_Sherry1732@karnv.ca,George Sherry
Operator,Gloria_Blythe5891@jcf8v.solutions,Gloria Blythe
Operator,Logan_Payne6674@ptr6k.tech,Logan Payne
Operator,Logan_Truscott9643@fhuux.autos,Logan Truscott
Operator,Rufus_Leigh9891@jcf8v.store,Rufus Leigh
Operator,Victoria_Cameron6314@gkvds.site,Victoria Cameron
Paramedic,Daron_Gordon320@v1wn5.software,Daron Gordon
Paramedic,Denis_Butler786@ds59r.online,Denis Butler
Paramedic,Erick_Sloan4382@ag5wi.audio,Erick Sloan
Paramedic,Fred_Jobson633@ds59r.catering,Fred Jobson
Paramedic,Gabriel_Dunbar3143@kyb7t.design,Gabriel Dunbar
Paramedic,Javier_Stuart8966@bu2lo.edu,Javier Stuart
Paramedic,Johnathan_Shepherd4255@yvu30.online,Johnathan Shepherd
Paramedic,Julian_Henderson3627@yafr7.app,Julian Henderson
Paramedic,Marla_Knight8582@qu9ml.info,Marla Knight
Paramedic,Owen_Moran3466@chkzl.solutions,Owen Moran
Paramedic,Sage_Morris2871@cke3u.info,Sage Morris
Pharmacist,Bryce_Mason2086@ag5wi.name,Bryce Mason
Pharmacist,Crystal_Hunter8676@yfxpw.mobi,Crystal Hunter
Pharmacist,Erick_Clarke8847@ckzyi.mobi,Erick Clarke
Pharmacist,Janelle_Dixon1654@bcfhs.us,Janelle Dixon
Pharmacist,Lillian_Fisher5092@v1wn5.autos,Lillian Fisher
Pharmacist,Makena_Taylor6634@bu2lo.auction,Makena Taylor
Pharmacist,Noah_Mould5198@crzq7.app,Noah Mould
Pharmacist,Piper_Goldsmith2533@lhp4j.info,Piper Goldsmith
Pharmacist,Rihanna_Michael2936@iaart.design,Rihanna Michael
Physician,Adeline_Yang7173@voylg.media,Adeline Yang
Physician,Alexa_Powell99@lyvnc.directory,Alexa Powell
Physician,Angel_Mitchell1431@1kmd3.name,Angel Mitchell
Physician,Barry_Groves9899@lhp4j.digital,Barry Groves
Physician,Goldie_Vinton6979@dbxli.us,Goldie Vinton
Physician,Jade_Morley5238@dvqq2.property,Jade Morley
Physician,Liam_Rodwell9229@voylg.shop,Liam Rodwell
Physician,Melody_Walker3791@karnv.online,Melody Walker
Physician,Nate_Flynn651@xqj6f.biz,Nate Flynn
Physician,Paige_Cork200@bu2lo.pro,Paige Cork
Physician,Rae_Ring3260@ag5wi.tech,Rae Ring
Physician,Rosa_Lewis9438@dbxli.tech,Rosa Lewis
Physician,Sydney_Roberts4334@6ijur.media,Sydney Roberts
Physician,Tyler_Farrow5979@1kmd3.press,Tyler Farrow
Production Painter,Alex_Durrant6174@mpibr.tech,Alex Durrant
Production Painter,Gabriel_Brown6909@bqkv0.space,Gabriel Brown
Production Painter,Hank_Graham5510@jcf8v.online,Hank Graham
Production Painter,Jacob_Mason3194@evyvh.app,Jacob Mason
Production Painter,Jayden_Donovan6380@v1wn5.solutions,Jayden Donovan
Production Painter,John_Cavanagh7583@bqkv0.zone,John Cavanagh
Production Painter,Johnny_Wilkinson2546@qu9ml.shop,Johnny Wilkinson
Production Painter,Joyce_Funnell9998@nmz0p.auction,Joyce Funnell
Production Painter,Juliette_Leslie8653@c2nyu.online,Juliette Leslie
Production Painter,Mark_Smith6256@cdpfn.works,Mark Smith
Production Painter,Michael_Daniells727@iscmr.space,Michael Daniells
Production Painter,Ronald_Murray2614@iaart.shop,Ronald Murray
Production Painter,Sasha_Carter9940@fhuux.host,Sasha Carter
Production Painter,Wendy_Watson8532@ohqqh.biz,Wendy Watson
Project Manager,Daniel_Graves7994@d9un8.biz,Daniel Graves
Project Manager,Fred_Purvis4874@6ijur.autos,Fred Purvis
Project Manager,Jaylene_Chadwick6728@crzq7.design,Jaylene Chadwick
Project Manager,Julius_Weldon1934@xqj6f.design,Julius Weldon
Project Manager,Martin_Robe8242@bu2lo.autos,Martin Robe
Restaurant Manager,Aiden_Tobin3268@fhuux.biz,Aiden Tobin
Restaurant Manager,Audrey_Farrant8084@yafr7.club,Audrey Farrant
Restaurant Manager,Caydence_Wren5202@dbxli.solutions,Caydence Wren
Restaurant Manager,Daniel_Hill2800@cke3u.media,Daniel Hill
Restaurant Manager,Erick_Ellwood6713@evyvh.property,Erick Ellwood
Restaurant Manager,Harry_Mcneill8124@mpibr.store,Harry Mcneill
Restaurant Manager,Jack_Gavin413@mpibr.online,Jack Gavin
Restaurant Manager,Luke_Vince9639@mpibr.com,Luke Vince
Restaurant Manager,Nate_Rose4886@bcfhs.auction,Nate Rose
Restaurant Manager,Norah_Callan2824@jcf8v.website,Norah Callan
Restaurant Manager,Phillip_Boden3879@kyb7t.video,Phillip Boden
Restaurant Manager,William_Hilton5416@jh02o.works,William Hilton
Retail Trainee,Chloe_Hudson4248@yafr7.info,Chloe Hudson
Retail Trainee,Chloe_Warren9505@yvu30.solutions,Chloe Warren
Retail Trainee,Elijah_Chadwick3735@iscmr.biz,Elijah Chadwick
Retail Trainee,Leroy_Trent6656@evyvh.press,Leroy Trent
Retail Trainee,Maxwell_Knight187@ckzyi.com,Maxwell Knight
Retail Trainee,Oliver_Hunt1376@yvu30.works,Oliver Hunt
Retail Trainee,Sabrina_Vince4733@ptr6k.club,Sabrina Vince
Retail Trainee,Vivian_Giles2327@gkvds.shop,Vivian Giles
Retail Trainee,William_Watson9875@gkvds.tech,William Watson
Service Supervisor,Analise_Lynn4374@bu2lo.tech,Analise Lynn
Service Supervisor,Anne_Exton4472@karnv.zone,Anne Exton
Service Supervisor,Eduardo_Raven5944@voylg.site,Eduardo Raven
Service Supervisor,Esmeralda_Robertson4376@hepmv.info,Esmeralda Robertson
Service Supervisor,Evie_Dale1968@qu9ml.host,Evie Dale
Service Supervisor,Hank_Campbell1862@ckzyi.software,Hank Campbell
Service Supervisor,Luke_Vallory278@cke3u.us,Luke Vallory
Service Supervisor,Noah_Ellison5531@nb44i.name,Noah Ellison
Service Supervisor,Paige_Redwood1265@xqj6f.info,Paige Redwood
Service Supervisor,Piper_Alcroft193@v1wn5.info,Piper Alcroft
Software Engineer,Cadence_Ellwood3236@6ijur.us,Cadence Ellwood
Software Engineer,Chris_Curtis1019@uagvw.works,Chris Curtis
Software Engineer,Doug_Thatcher3755@uagvw.digital,Doug Thatcher
Software Engineer,Felicity_Martin2516@voylg.business,Felicity Martin
Software Engineer,Janice_Sherwood898@1wa8o.property,Janice Sherwood
Software Engineer,Julius_Jeffery1107@karnv.edu,Julius Jeffery
Software Engineer,Kamila_Robinson1690@dvqq2.website,Kamila Robinson
Software Engineer,Luna_Reyes8683@ohqqh.com,Luna Reyes
Software Engineer,Marigold_Addison1999@mpibr.info,Marigold Addison
Software Engineer,Michael_Quinn2558@jcf8v.press,Michael Quinn
Software Engineer,Scarlett_Flynn6285@gkvds.mobi,Scarlett Flynn
Software Engineer,Sloane_Darcy2034@nb44i.host,Sloane Darcy
Staffing Consultant,Denis_Hewitt374@avn7d.app,Denis Hewitt
Staffing Consultant,Jacob_Taylor1648@ptr6k.tech,Jacob Taylor
Staffing Consultant,Luke_James9111@cke3u.page,Luke James
Staffing Consultant,Luke_Stone6691@yafr7.auction,Luke Stone
Staffing Consultant,Ryan_Ring5256@zynuu.business,Ryan Ring
Staffing Consultant,Stella_Whitehouse4491@kyb7t.org,Stella Whitehouse
Steward,Andie_Locke3119@evyvh.store,Andie Locke
Steward,Gabriel_Higgs77@uagvw.press,Gabriel Higgs
Steward,Havana_Saunders3018@dvqq2.solutions,Havana Saunders
Steward,Marissa_Shelton1176@fhuux.website,Marissa Shelton
Steward,Maxwell_Jefferson4636@yfxpw.catering,Maxwell Jefferson
Stockbroker,Carina_Robertson9554@jh02o.net,Carina Robertson
Stockbroker,Caydence_Noon8385@xtwt3.works,Caydence Noon
Stockbroker,Julian_Purvis2872@dvqq2.video,Julian Purvis
Stockbroker,Michael_Vaughan638@1wa8o.org,Michael Vaughan
Stockbroker,Sage_Johnson8154@avn7d.media,Sage Johnson
Systems Administrator,Benny_Varndell4115@c2nyu.property,Benny Varndell
Systems Administrator,Bob_Harvey8880@evyvh.info,Bob Harvey
Systems Administrator,Bob_Taylor1806@chkzl.directory,Bob Taylor
Systems Administrator,Gabriel_Richardson7265@ds59r.info,Gabriel Richardson
Systems Administrator,George_Ballard80@jcf8v.auction,George Ballard
Systems Administrator,Nicholas_Vince9452@1wa8o.page,Nicholas Vince
Systems Administrator,Peter_Ross4514@gnjps.page,Peter Ross
Systems Administrator,Phillip_Edler2133@xtwt3.shop,Phillip Edler
Treasurer,Alessandra_Groves4047@urn0m.com,Alessandra Groves
Treasurer,Boris_Turner2800@y96lx.biz,Boris Turner
Treasurer,Lindsay_Radley7088@ohqqh.zone,Lindsay Radley
Treasurer,Maggie_Slater2040@iaart.app,Maggie Slater
Treasurer,Matthew_Smith5969@nmz0p.info,Matthew Smith
Treasurer,Noah_King3457@avn7d.org,Noah King
Web Developer,Clarissa_Squire6278@yafr7.design,Clarissa Squire
Web Developer,Denis_Newton715@hepmv.store,Denis Newton
Web Developer,Janelle_Appleton9935@urn0m.club,Janelle Appleton
Web Developer,Jayden_Oliver3167@kyb7t.digital,Jayden Oliver
Web Developer,Kurt_Harvey3997@yfxpw.app,Kurt Harvey
Web Developer,Mark_Lambert4262@crzq7.design,Mark Lambert
Web Developer,Ronald_James5340@kyb7t.audio,Ronald James
Web Developer,Sadie_Campbell4213@1kmd3.press,Sadie Campbell
Web Developer,Tom_Gardner4768@crzq7.app,Tom Gardner
Web Developer,William_Asher4705@3wbkp.host,William Asher
Webmaster,Brooklyn_Uttley7504@xtwt3.store,Brooklyn Uttley
Webmaster,Harvey_Adler9329@1wa8o.info,Harvey Adler
Webmaster,Mason_Vane4751@mpibr.edu,Mason Vane
Webmaster,Sydney_Turner3014@1wa8o.media,Sydney Turner
Webmaster,Wendy_Mason27@gkvds.pro,Wendy Mason
