Accountant,Adalind_Clifford9002@yafr7.works,Adalind Clifford
Accountant,Cameron_Horton6005@ckzyi.info,Cameron Horton
Accountant,Dalia_Palmer2451@mpibr.website,Dalia Palmer
Accountant,Dasha_Norman9836@c2nyu.mobi,Dasha Norman
Accountant,Gwenyth_Dixon10@mpibr.space,Gwenyth Dixon
Accountant,Regina_Thorne5123@urn0m.store,Regina Thorne
Accountant,Sienna_Dowson4719@hepmv.app,Sienna Dowson
Ambulatory Nurse,Cara_Connor3726@v1wn5.zone,Cara Connor
Ambulatory Nurse,Lillian_Santos6397@yfxpw.audio,Lillian Santos
Ambulatory Nurse,Liv_Boden2317@cdpfn.ca,Liv Boden
Ambulatory Nurse,Marvin_Wilson6330@yvu30.club,Marvin Wilson
Ambulatory Nurse,Nick_Blythe3994@voylg.app,Nick Blythe
Ambulatory Nurse,Phillip_Verdon3612@1wa8o.software,Phillip Verdon
Ambulatory Nurse,Stephanie_Gonzales8831@zynuu.website,Stephanie Gonzales
Ambulatory Nurse,Tyson_Brett7433@nanoff.page,Tyson Brett
Ambulatory Nurse,William_Neal9578@c2nyu.directory,William Neal
Assistant Buyer,Caleb_Thomson2224@jcf8v.website,Caleb Thomson
Assistant Buyer,Caydence_Nanton596@dbxli.video,Caydence Nanton
Assistant Buyer,Daniel_Parker9427@xqj6f.host,Daniel Parker
Assistant Buyer,Karla_Lowe1294@3wbkp.center,Karla Lowe
Assistant Buyer,Melanie_Rowan8894@y96lx.tech,Melanie Rowan
Assistant Buyer,Nate_Coll1308@lyvnc.shop,Nate Coll
Assistant Buyer,Nate_Craig9853@nmz0p.solutions,Nate Craig
Assistant Buyer,Paige_Willis7757@gnjps.services,Paige Willis
Assistant Buyer,Parker_Wright979@1wa8o.solutions,Parker Wright
Assistant Buyer,Sabina_Barclay8617@jh02o.pro,Sabina Barclay
Assistant Buyer,Sofia_Eastwood7403@kyb7t.website,Sofia Eastwood
Associate Professor,Daniel_Kerr5829@nanoff.club,Daniel Kerr
Associate Professor,Destiny_White8687@nmz0p.website,Destiny White
Associate Professor,Emerald_Tait1031@nmz0p.shop,Emerald Tait
Associate Professor,George_Graham4439@1wa8o.works,George Graham
Associate Professor,Joseph_Varley9238@y96lx.page,Joseph Varley
Associate Professor,Lexi_Torres1845@6ijur.services,Lexi Torres
Associate Professor,Phillip_Turner6891@crzq7.directory,Phillip Turner
Audiologist,Chris_Ulyatt7738@1kmd3.app,Chris Ulyatt
Audiologist,Gladys_Grey506@p5emz.us,Gladys Grey
Audiologist,Hazel_Clifford1361@lyvnc.property,Hazel Clifford
Audiologist,Janice_Davies1122@karnv.info,Janice Davies
Audiologist,Jayden_Cann5520@nanoff.space,Jayden Cann
Audiologist,John_Partridge6947@iaart.store,John Partridge
Audiologist,Joseph_Walker1439@bcfhs.page,Joseph Walker
Audiologist,Nick_Rogers1127@dbxli.club,Nick Rogers
Audiologist,Ruth_Cox2414@mpibr.zone,Ruth Cox
Audiologist,Tom_Tait804@crzq7.press,Tom Tait
Auditor,Alba_Abbot9486@bcfhs.autos,Alba Abbot
Auditor,Hannah_Torres8419@ckzyi.com,Hannah Torres
Auditor,Nicholas_Lindsay7196@urn0m.ca,Nicholas Lindsay
Auditor,Owen_Waterson4968@dvqq2.edu,Owen Waterson
Auditor,Rick_Nicolas8296@y96lx.website,Rick Nicolas
Auditor,Shay_Parker566@ckzyi.pro,Shay Parker
Auditor,Tyler_Downing1653@bu2lo.mobi,Tyler Downing
Baker,Alan_Overson5471@dbxli.tech,Alan Overson
Baker,Alex_Shepherd8743@bcfhs.page,Alex Shepherd
Baker,Anabel_Dubois5405@yafr7.website,Anabel Dubois
Baker,Barry_Wood6452@fhuux.app,Barry Wood
Baker,Chris_Fleming1311@mpibr.center,Chris Fleming
Baker,Emely_Gilmour102@dbxli.edu,Emely Gilmour
Baker,Ethan_Eddison8050@dvqq2.com,Ethan Eddison
Baker,Julia_Wilkinson5556@crzq7.video,Julia Wilkinson
Baker,Kieth_Vinton3044@jh02o.business,Kieth Vinton
Baker,Rosemary_Whitehouse1890@nmz0p.press,Rosemary Whitehouse
Baker,Russel_Mcgregor9397@karnv.site,Russel Mcgregor
Banker,Abdul_Warner4474@voylg.mobi,Abdul Warner
Banker,Evie_Gilmore6715@yfxpw.autos,Evie Gilmore
Banker,Kurt_Patel6178@fhuux.website,Kurt Patel
Banker,Logan_Marshall9957@gkvds.club,Logan Marshall
Banker,Noah_Clarke7531@bqkv0.works,Noah Clarke
Bellman,Boris_Yard8414@evyvh.design,Boris Yard
Bellman,Grace_Hancock5503@chkzl.info,Grace Hancock
Bellman,Jackeline_Garcia999@gnjps.app,Jackeline Garcia
Bellman,Joseph_Farrow8493@fhuux.design,Joseph Farrow
Bellman,Martin_Graves7055@3wbkp.page,Martin Graves
Bellman,Michael_Grady131@dvqq2.net,Michael Grady
Biologist,Caleb_Funnell2037@hepmv.ca,Caleb Funnell
Biologist,Erica_Reynolds8088@karnv.audio,Erica Reynolds
Biologist,Liliana_Ellison5192@yfxpw.info,Liliana Ellison
Biologist,Nancy_Garcia1784@y96lx.auction,Nancy Garcia
Biologist,Rick_Miller7833@avn7d.edu,Rick Miller
Bookkeeper,Alan_Nurton2961@1wa8o.zone,Alan Nurton
Bookkeeper,Caydence_Morrow6267@yfxpw.solutions,Caydence Morrow
Bookkeeper,Cedrick_Redfern8480@gnjps.business,Cedrick Redfern
Budget Analyst,Agnes_Quinnell7040@jh02o.audio,Agnes Quinnell
Budget Analyst,Boris_Norburn619@gnjps.space,Boris Norburn
Budget Analyst,Charlotte_Cunningham7168@karnv.info,Charlotte Cunningham
Budget Analyst,Dasha_Baker566@mpibr.info,Dasha Baker
Budget Analyst,Doug_Bloom29@1wa8o.digital,Doug Bloom
Budget Analyst,Ember_Corbett2770@evyvh.host,Ember Corbett
Budget Analyst,Kassandra_Ainsworth5625@xqj6f.name,Kassandra Ainsworth
Budget Analyst,Leah_Ross48@6ijur.us,Leah Ross
Budget Analyst,Percy_Benfield232@gnjps.store,Percy Benfield
Budget Analyst,Ronald_Booth6174@evyvh.digital,Ronald Booth
Business Broker,Analise_Wright6392@gkvds.business,Analise Wright
Business Broker,Clarissa_Dixon1742@dbxli.video,Clarissa Dixon
Business Broker,Harmony_Quinton9290@bu2lo.digital,Harmony Quinton
Business Broker,Leslie_Smith2982@qu9ml.online,Leslie Smith
Business Broker,Noemi_Giles2915@dvqq2.video,Noemi Giles
Business Broker,Tom_Lindop1170@yvu30.solutions,Tom Lindop
CNC Operator,Carl_Walker1339@nmz0p.org,Carl Walker
CNC Operator,Daron_Silva1479@jcf8v.edu,Daron Silva
CNC Operator,Liam_Yates9429@ohqqh.business,Liam Yates
CNC Operator,Logan_Chapman8066@d9un8.software,Logan Chapman
CNC Operator,Makena_Overson7178@dvqq2.digital,Makena Overson
CNC Operator,Rufus_Murray765@hepmv.solutions,Rufus Murray
CNC Operator,Summer_Stanley8684@dbxli.media,Summer Stanley
Call Center Representative,Alexander_White51@jh02o.store,Alexander White
Call Center Representative,Barney_Allcott8858@xqj6f.host,Barney Allcott
Call Center Representative,Danny_Pond3094@cke3u.services,Danny Pond
Call Center Representative,Destiny_Vaughan3493@ag5wi.software,Destiny Vaughan
Call Center Representative,Faith_Knight4633@ds59r.catering,Faith Knight
Call Center Representative,Jade_Dowson3536@bu2lo.page,Jade Dowson
Call Center Representative,Manuel_Marshall813@gkvds.services,Manuel Marshall
Call Center Representative,Mayleen_Fall3302@jh02o.host,Mayleen Fall
Call Center Representative,Norah_Cartwright5710@bqkv0.audio,Norah Cartwright
Call Center Representative,Stella_Pearson4143@3wbkp.software,Stella Pearson
Call Center Representative,Vera_Bell7805@yfxpw.mobi,Vera Bell
Cash Manager,Ethan_Kirby4056@1wa8o.meet,Ethan Kirby
Cash Manager,Kieth_Anderson2823@uagvw.digital,Kieth Anderson
Cash Manager,Nathan_Jackson6020@yafr7.page,Nathan Jackson
Cash Manager,Peter_Noon4427@yafr7.org,Peter Noon
Cash Manager,Taylor_Knight54@ag5wi.club,Taylor Knight
Cashier,Bart_Shepherd1992@iscmr.host,Bart Shepherd
Cashier,Carter_Poole995@hepmv.store,Carter Poole
Cashier,Enoch_Allen5260@evyvh.press,Enoch Allen
Cashier,Evelynn_Hall4279@1kmd3.works,Evelynn Hall
Cashier,Hazel_Bryant442@3wbkp.store,Hazel Bryant
Cashier,Michael_Shelton8525@d9un8.center,Michael Shelton
Cashier,Ron_Cartwright6237@iaart.audio,Ron Cartwright
Cashier,Samara_Dale4117@jcf8v.center,Samara Dale
Chef Manager,Cedrick_Hunt5185@ohqqh.media,Cedrick Hunt
Chef Manager,Chad_Owens5032@iscmr.directory,Chad Owens
Chef Manager,Chuck_Clarke6999@iscmr.solutions,Chuck Clarke
Chef Manager,Danny_Richardson6639@qu9ml.business,Danny Richardson
Chef Manager,Elisabeth_Connor2353@ptr6k.business,Elisabeth Connor
Chef Manager,Emmanuelle_Rixon4704@ag5wi.info,Emmanuelle Rixon
Chef Manager,Mark_Pond3325@iaart.autos,Mark Pond
Chef Manager,Rosie_Wallace7451@lyvnc.page,Rosie Wallace
Chef Manager,Rufus_Clayton6196@voylg.store,Rufus Clayton
Clerk,Adalie_Watson2146@yafr7.com,Adalie Watson
Clerk,Carissa_Collins3651@cdpfn.info,Carissa Collins
Clerk,Chuck_Holt5281@nanoff.directory,Chuck Holt
Clerk,Elisabeth_Payne7766@uagvw.video,Elisabeth Payne
Clerk,Harmony_Holmes9409@bcfhs.property,Harmony Holmes
Clerk,Roger_Griffiths2919@jcf8v.business,Roger Griffiths
Clerk,Sasha_Rogan7754@mpibr.pro,Sasha Rogan
Clerk,Stacy_Cadman3054@avn7d.host,Stacy Cadman
Clerk,Teagan_Cooper2845@nmz0p.works,Teagan Cooper
Clerk,Tiffany_Nanton2813@uagvw.tech,Tiffany Nanton
Cook,Alexia_Walsh5805@uagvw.shop,Alexia Walsh
Cook,Analise_Bowen694@1kmd3.edu,Analise Bowen
Cook,Carmen_Doherty8639@uagvw.store,Carmen Doherty
Cook,Chuck_James1527@p5emz.website,Chuck James
Cook,Isla_Callan8536@yahoo.biz,Isla Callan
Cook,Jacob_Driscoll4851@iaart.solutions,Jacob Driscoll
Cook,Josh_Summers3016@yafr7.store,Josh Summers
Cook,Margot_Butler2548@bu2lo.press,Margot Butler
Cook,Naomi_Ward7067@ohqqh.services,Naomi Ward
Cook,Tyler_Jordan9067@voylg.business,Tyler Jordan
Dentist,Adalie_Nobbs8288@yfxpw.store,Adalie Nobbs
Dentist,Alessandra_Lewin3321@xqj6f.info,Alessandra Lewin
Dentist,Caitlyn_Martin5971@lyvnc.host,Caitlyn Martin
Dentist,Danny_Tindall1065@nanoff.app,Danny Tindall
Dentist,Emmanuelle_Walsh5523@v1wn5.meet,Emmanuelle Walsh
Dentist,Harry_Cooper568@y96lx.video,Harry Cooper
Dentist,Marigold_Yoman5391@yfxpw.com,Marigold Yoman
Dentist,Matthew_Jones6894@nb44i.space,Matthew Jones
Dentist,Maxwell_Dixon8602@gkvds.meet,Maxwell Dixon
Dentist,Melinda_Leslie5892@urn0m.app,Melinda Leslie
Dentist,Natalie_Lakey7860@iscmr.works,Natalie Lakey
Design Engineer,Alessandra_Vincent8250@p5emz.store,Alessandra Vincent
Design Engineer,Benny_Bell7158@p5emz.works,Benny Bell
Design Engineer,Daron_Vinton1889@evyvh.digital,Daron Vinton
Design Engineer,George_Boden9011@fhuux.website,George Boden
Design Engineer,Julius_Bloom4629@hepmv.club,Julius Bloom
Design Engineer,Liliana_Thomson7017@uagvw.space,Liliana Thomson
Design Engineer,Luke_Ross7711@ckzyi.website,Luke Ross
Design Engineer,Michael_Tyrrell290@mpibr.info,Michael Tyrrell
Design Engineer,Natalie_Rosenbloom5857@c2nyu.digital,Natalie Rosenbloom
Design Engineer,Percy_Fulton6289@yafr7.net,Percy Fulton
Design Engineer,Peter_Hall4103@uagvw.audio,Peter Hall
Design Engineer,Vanessa_Downing6951@lhp4j.works,Vanessa Downing
Design Engineer,Vanessa_Kerr4497@lhp4j.audio,Vanessa Kerr
Designer,Barney_Kerr9871@qu9ml.store,Barney Kerr
Designer,Cedrick_Shields3917@gnjps.design,Cedrick Shields
Designer,Enoch_Daniells4141@zynuu.store,Enoch Daniells
Designer,John_Clark3331@kyb7t.site,John Clark
Designer,Josephine_Hancock3771@yafr7.name,Josephine Hancock
Designer,Nina_Jefferson5140@jh02o.pro,Nina Jefferson
Designer,Sienna_Murray6451@bu2lo.biz,Sienna Murray
Doctor,Charlotte_Grady8495@1wa8o.net,Charlotte Grady
Doctor,Jaylene_Lewis1854@dbxli.store,Jaylene Lewis
Doctor,John_Carpenter2180@lyvnc.host,John Carpenter
Doctor,Mandy_Walsh3215@mpibr.video,Mandy Walsh
Doctor,Matthew_Flett6829@jcf8v.business,Matthew Flett
Doctor,Miriam_Hobson6991@v1wn5.press,Miriam Hobson
Doctor,Oliver_Garcia9513@ds59r.online,Oliver Garcia
Doctor,Rihanna_Griffiths9443@bcfhs.catering,Rihanna Griffiths
Doctor,Sage_Barclay3754@nmz0p.catering,Sage Barclay
Electrician,Angela_Stone5494@evyvh.online,Angela Stone
Electrician,Ciara_Hepburn5341@qu9ml.design,Ciara Hepburn
Electrician,Mavis_Simmons7176@ckzyi.us,Mavis Simmons
Electrician,Norah_Booth2378@uagvw.solutions,Norah Booth
Electrician,Willow_Notman8192@y96lx.net,Willow Notman
Executive Director,Abdul_Blythe4306@iaart.page,Abdul Blythe
Executive Director,Anthony_Evans7092@c2nyu.net,Anthony Evans
Executive Director,Bryon_Emmett7496@1kmd3.site,Bryon Emmett
Executive Director,Chuck_Seymour9763@1kmd3.website,Chuck Seymour
Executive Director,Dasha_Adler3192@fhuux.zone,Dasha Adler
Executive Director,Holly_Wheeler6068@ds59r.property,Holly Wheeler
Executive Director,Juliette_Ripley8784@1kmd3.center,Juliette Ripley
Executive Director,Keira_Casey4409@karnv.site,Keira Casey
Executive Director,Keira_Kelly3503@qu9ml.auction,Keira Kelly
Executive Director,Rita_Amstead2394@chkzl.pro,Rita Amstead
Fabricator,Barney_Trent9408@d9un8.us,Barney Trent
Fabricator,Ciara_Webster7686@gkvds.website,Ciara Webster
Fabricator,Isabella_Graves497@yahoo.meet,Isabella Graves
Fabricator,Mike_Murphy5865@avn7d.net,Mike Murphy
Fabricator,Noah_White6243@jh02o.meet,Noah White
Fabricator,Phillip_Armstrong124@xqj6f.pro,Phillip Armstrong
Fabricator,Rosalie_Rossi9391@iaart.online,Rosalie Rossi
Fabricator,Ryan_Bayliss6975@d9un8.online,Ryan Bayliss
Fabricator,Sabina_Redfern5672@gkvds.zone,Sabina Redfern
Fabricator,Tyson_Martin2968@qu9ml.page,Tyson Martin
Food Technologist,Benjamin_Norton7321@kyb7t.audio,Benjamin Norton
Food Technologist,Camila_Paterson917@iscmr.meet,Camila Paterson
Food Technologist,Cara_Connor7128@evyvh.info,Cara Connor
Food Technologist,Dani_Mcguire4473@voylg.digital,Dani Mcguire
Food Technologist,Doug_Connell1409@c2nyu.services,Doug Connell
Food Technologist,Hank_Addison2703@gnjps.website,Hank Addison
Food Technologist,Harmony_Hale3304@jh02o.app,Harmony Hale
Food Technologist,Julian_Nobbs8021@d9un8.directory,Julian Nobbs
Food Technologist,Leanne_Hooper7855@bu2lo.host,Leanne Hooper
Food Technologist,Leilani_Slater7327@xqj6f.us,Leilani Slater
Food Technologist,Liam_Hewitt6626@c2nyu.audio,Liam Hewitt
Food Technologist,Logan_Asher8848@crzq7.store,Logan Asher
Food Technologist,Marissa_Vinton490@bu2lo.directory,Marissa Vinton
Food Technologist,Sloane_Parr4968@avn7d.org,Sloane Parr
Food Technologist,Trisha_Flynn8556@p5emz.autos,Trisha Flynn
Food Technologist,Violet_Hooper7438@nmz0p.website,Violet Hooper
Front Desk Coordinator,Bart_Cartwright2128@dvqq2.host,Bart Cartwright
Front Desk Coordinator,Bart_Rowlands9634@p5emz.space,Bart Rowlands
Front Desk Coordinator,Chuck_Jarvis8809@1wa8o.property,Chuck Jarvis
Front Desk Coordinator,Ciara_Mcneill7933@ohqqh.edu,Ciara Mcneill
Front Desk Coordinator,Davina_Salt700@urn0m.ca,Davina Salt
Front Desk Coordinator,Elijah_Harper4524@jcf8v.design,Elijah Harper
Front Desk Coordinator,George_Thorne4417@d9un8.works,George Thorne
Front Desk Coordinator,Harvey_Allen4675@nmz0p.software,Harvey Allen
Front Desk Coordinator,Johnathan_Flanders764@yvu30.net,Johnathan Flanders
Front Desk Coordinator,Rick_Devonport2462@chkzl.directory,Rick Devonport
Front Desk Coordinator,Rocco_Crawford3524@yafr7.website,Rocco Crawford
Front Desk Coordinator,Stacy_Clifford8542@d9un8.club,Stacy Clifford
Global Logistics Supervisor,Aleksandra_Whinter7689@ag5wi.name,Aleksandra Whinter
Global Logistics Supervisor,Anthony_Osman826@bu2lo.space,Anthony Osman
Global Logistics Supervisor,Bob_Randall6451@voylg.site,Bob Randall
Global Logistics Supervisor,Carter_Oatway9391@yvu30.zone,Carter Oatway
Global Logistics Supervisor,Juliet_Robinson6215@gnjps.works,Juliet Robinson
Global Logistics Supervisor,Mason_Whittle3262@lyvnc.design,Mason Whittle
HR Coordinator,Aiden_Vaughn713@yvu30.app,Aiden Vaughn
HR Coordinator,Alexander_King1712@dbxli.zone,Alexander King
HR Coordinator,Elijah_Ogilvy6279@lhp4j.auction,Elijah Ogilvy
HR Coordinator,Jayden_Nash9147@iscmr.ca,Jayden Nash
HR Coordinator,Roger_Varndell3043@xqj6f.auction,Roger Varndell
HR Coordinator,Tyson_Gray7542@chkzl.club,Tyson Gray
HR Coordinator,Wendy_Daniells7227@cke3u.club,Wendy Daniells
HR Specialist,Aiden_Walsh5496@jh02o.audio,Aiden Walsh
HR Specialist,Anthony_Calderwood7402@chkzl.com,Anthony Calderwood
HR Specialist,Clint_Logan730@yfxpw.meet,Clint Logan
HR Specialist,Fiona_Styles8650@jcf8v.biz,Fiona Styles
HR Specialist,Margot_Calderwood8631@c2nyu.solutions,Margot Calderwood
HR Specialist,Rick_Armstrong5547@yfxpw.autos,Rick Armstrong
HR Specialist,Rylee_Craig2212@hepmv.pro,Rylee Craig
HR Specialist,Skylar_Rowan8653@yfxpw.space,Skylar Rowan
Health Educator,Anne_Jennson5165@ohqqh.audio,Anne Jennson
Health Educator,Chad_Poulton4059@1kmd3.media,Chad Poulton
Health Educator,Henry_Pickard2463@kyb7t.club,Henry Pickard
Health Educator,Jaylene_Radcliffe401@fhuux.website,Jaylene Radcliffe
Healthcare Specialist,Celia_Gunn7607@lyvnc.store,Celia Gunn
Healthcare Specialist,Emely_Lowe2673@chkzl.name,Emely Lowe
Healthcare Specialist,Erin_Ranks9725@hepmv.site,Erin Ranks
Healthcare Specialist,Jasmine_Dann3955@yfxpw.software,Jasmine Dann
Healthcare Specialist,Penny_Shea7156@voylg.website,Penny Shea
Healthcare Specialist,Quinn_Cooper1663@karnv.site,Quinn Cooper
Healthcare Specialist,Scarlett_Edley6263@cdpfn.video,Scarlett Edley
IT Support Staff,Britney_Hewitt5952@voylg.autos,Britney Hewitt
IT Support Staff,Chris_Radley7065@p5emz.zone,Chris Radley
IT Support Staff,Ellen_Bryson8785@crzq7.net,Ellen Bryson
IT Support Staff,Georgia_Lomax9973@yfxpw.store,Georgia Lomax
IT Support Staff,Madison_Corbett5632@urn0m.org,Madison Corbett
IT Support Staff,Melinda_James4857@jh02o.audio,Melinda James
IT Support Staff,Nate_Jobson2448@c2nyu.mobi,Nate Jobson
IT Support Staff,Nathan_Wild9936@urn0m.center,Nathan Wild
IT Support Staff,Ramon_Antcliff7513@yahoo.property,Ramon Antcliff
Inspector,Carter_Gardner6386@yfxpw.host,Carter Gardner
Inspector,Gabriel_Long4461@dbxli.business,Gabriel Long
Inspector,Henry_Russell5603@cdpfn.video,Henry Russell
Inspector,Josh_Warren5905@1kmd3.host,Josh Warren
Inspector,Julianna_Camden6104@ag5wi.website,Julianna Camden
Inspector,Margaret_Patel117@yahoo.software,Margaret Patel
Inspector,Melinda_Drake9184@zynuu.site,Melinda Drake
Inspector,Morgan_Cooper9924@crzq7.digital,Morgan Cooper
Inspector,Rick_Snow3718@ag5wi.design,Rick Snow
Insurance Broker,Daniel_Bryson8870@hepmv.site,Daniel Bryson
Insurance Broker,Hannah_Sylvester2157@urn0m.club,Hannah Sylvester
Insurance Broker,Janelle_Matthews5453@lyvnc.shop,Janelle Matthews
Insurance Broker,Owen_Franks8734@voylg.pro,Owen Franks
Insurance Broker,Paula_Hunt4894@fhuux.video,Paula Hunt
Insurance Broker,Savannah_Gardner7826@nb44i.works,Savannah Gardner
Insurance Broker,Tony_Newman4670@chkzl.biz,Tony Newman
Investment  Advisor,Alexia_Collins1244@gnjps.press,Alexia Collins
Investment  Advisor,Anabel_Robe2174@1kmd3.store,Anabel Robe
Investment  Advisor,Anais_Thornton2971@crzq7.com,Anais Thornton
Investment  Advisor,Bernadette_Hunter6560@y96lx.property,Bernadette Hunter
Investment  Advisor,Catherine_Rainford232@d9un8.info,Catherine Rainford
Investment  Advisor,Chris_Egerton4738@avn7d.shop,Chris Egerton
Investment  Advisor,Emerald_Mcguire5548@1kmd3.page,Emerald Mcguire
Investment  Advisor,Gina_Tennant7196@cdpfn.works,Gina Tennant
Investment  Advisor,Jack_Judd9810@dbxli.biz,Jack Judd
Investment  Advisor,Janice_Coates5730@kyb7t.property,Janice Coates
Investment  Advisor,Jenna_Allwood4128@1kmd3.audio,Jenna Allwood
Investment  Advisor,Joseph_Wise5135@1kmd3.center,Joseph Wise
Investment  Advisor,Leroy_Drake6589@voylg.app,Leroy Drake
Investment  Advisor,Miley_Hall2355@nmz0p.pro,Miley Hall
Investment  Advisor,Percy_Yates8115@chkzl.autos,Percy Yates
Investment  Advisor,Ramon_Lucas5651@yfxpw.zone,Ramon Lucas
Investment  Advisor,Ron_Warner438@xqj6f.online,Ron Warner
Investment  Advisor,Victoria_Styles4844@d9un8.design,Victoria Styles
Laboratory Technician,Bart_Jobson6498@dvqq2.digital,Bart Jobson
Laboratory Technician,Belinda_Harrington9624@yvu30.software,Belinda Harrington
Laboratory Technician,Denny_Morgan327@iaart.website,Denny Morgan
Laboratory Technician,Javier_Farrow3265@nanoff.store,Javier Farrow
Laboratory Technician,Tony_Clarkson202@cdpfn.name,Tony Clarkson
Lecturer,Alice_Potts2482@y96lx.mobi,Alice Potts
Lecturer,Chanelle_Saunders7252@hepmv.tech,Chanelle Saunders
Lecturer,Clarissa_Graves3965@gkvds.store,Clarissa Graves
Lecturer,Danny_Bailey4833@3wbkp.shop,Danny Bailey
Lecturer,Darlene_Jarvis1423@yfxpw.property,Darlene Jarvis
Lecturer,Emery_Nanton794@dvqq2.ca,Emery Nanton
Lecturer,Julius_Hunt3741@bqkv0.digital,Julius Hunt
Lecturer,Makenzie_Powell311@y96lx.design,Makenzie Powell
Lecturer,Megan_Kidd4467@yahoo.design,Megan Kidd
Lecturer,Ron_Oatway8530@nanoff.shop,Ron Oatway
Lecturer,Sebastian_Kelly7204@yahoo.services,Sebastian Kelly
Loan Officer,Julia_York5476@jh02o.catering,Julia York
Loan Officer,Samara_Trent6627@bu2lo.info,Samara Trent
Loan Officer,Tyler_Barrett2445@voylg.tech,Tyler Barrett
Machine Operator,Alan_Terry5395@gkvds.website,Alan Terry
Machine Operator,Alan_Wright8715@fhuux.tech,Alan Wright
Machine Operator,Ally_Khan5876@karnv.app,Ally Khan
Machine Operator,Ally_Owen2239@p5emz.tech,Ally Owen
Machine Operator,Alma_Lucas1091@avn7d.store,Alma Lucas
Machine Operator,Chuck_Archer8266@dvqq2.media,Chuck Archer
Machine Operator,Emery_Quinnell8979@crzq7.video,Emery Quinnell
Machine Operator,Kieth_Powell6199@3wbkp.directory,Kieth Powell
Machine Operator,Livia_Thorpe2118@mpibr.property,Livia Thorpe
Machine Operator,Mason_Stanley8852@jh02o.works,Mason Stanley
Machine Operator,Matthew_Morgan6017@iaart.org,Matthew Morgan
Machine Operator,Matthew_Swan994@evyvh.store,Matthew Swan
Machine Operator,Rosalyn_Butler9851@avn7d.design,Rosalyn Butler
Machine Operator,Sabina_Weldon5039@qu9ml.digital,Sabina Weldon
Mobile Developer,Camila_Tennant5163@xtwt3.name,Camila Tennant
Mobile Developer,Goldie_Stuart874@iscmr.us,Goldie Stuart
Mobile Developer,John_Coleman7815@p5emz.info,John Coleman
Mobile Developer,Karla_Underhill7203@ptr6k.software,Karla Underhill
Mobile Developer,Kenzie_Myatt289@kyb7t.catering,Kenzie Myatt
Mobile Developer,Marie_Mitchell5507@dvqq2.shop,Marie Mitchell
Mobile Developer,Maxwell_Khan504@gkvds.meet,Maxwell Khan
Mobile Developer,Nick_Donovan6049@1wa8o.info,Nick Donovan
Mobile Developer,Sebastian_Mason3253@yahoo.solutions,Sebastian Mason
Mobile Developer,Tyson_Roberts5557@karnv.catering,Tyson Roberts
Operator,Carina_Hogg7384@xtwt3.tech,Carina Hogg
Operator,Chris_Flack344@bcfhs.business,Chris Flack
Operator,Gladys_Nurton6373@gnjps.pro,Gladys Nurton
Operator,Johnathan_Kelly18@gkvds.host,Johnathan Kelly
Operator,Lexi_Harper1566@nanoff.catering,Lexi Harper
Operator,Mayleen_Jefferson9165@xtwt3.works,Mayleen Jefferson
Operator,Rihanna_Dempsey999@nb44i.website,Rihanna Dempsey
Paramedic,Chloe_Donnelly198@zynuu.club,Chloe Donnelly
Paramedic,Chuck_Wilton3997@iaart.shop,Chuck Wilton
Paramedic,Jack_Douglas6847@nmz0p.online,Jack Douglas
Paramedic,Makena_Chapman7330@c2nyu.org,Makena Chapman
Paramedic,Melania_Cameron2460@ckzyi.autos,Melania Cameron
Pharmacist,Amelia_Bryant3781@nmz0p.store,Amelia Bryant
Pharmacist,Diane_Bingham4747@urn0m.website,Diane Bingham
Pharmacist,Elle_Bayliss2970@d9un8.audio,Elle Bayliss
Pharmacist,Freya_Randall7766@1kmd3.net,Freya Randall
Pharmacist,Ivy_Gregory9097@yfxpw.autos,Ivy Gregory
Pharmacist,Mason_Ianson4230@avn7d.catering,Mason Ianson
Pharmacist,Matt_Wood4525@y96lx.media,Matt Wood
Pharmacist,Sadie_Bell9579@ohqqh.online,Sadie Bell
Physician,Alba_Booth9830@c2nyu.store,Alba Booth
Physician,Alessia_Stark2653@jh02o.app,Alessia Stark
Physician,Erick_Mason7728@ohqqh.us,Erick Mason
Physician,Gwen_Lane3467@xqj6f.media,Gwen Lane
Physician,Harry_Marshall944@nanoff.tech,Harry Marshall
Physician,Kamila_Lane2051@voylg.net,Kamila Lane
Physician,Monica_Thompson4667@1kmd3.property,Monica Thompson
Physician,Natalie_Rivers9341@nmz0p.tech,Natalie Rivers
Physician,Sadie_Weldon4199@urn0m.club,Sadie Weldon
Production Painter,Alan_Cassidy8949@jcf8v.space,Alan Cassidy
Production Painter,Carissa_Ebden3067@iaart.solutions,Carissa Ebden
Production Painter,Chris_Palmer1267@kyb7t.page,Chris Palmer
Production Painter,Drew_Brennan6042@ckzyi.website,Drew Brennan
Production Painter,Enoch_Thomson1329@chkzl.business,Enoch Thomson
Production Painter,Gil_Tyler3151@iscmr.mobi,Gil Tyler
Production Painter,Julius_Davies8752@v1wn5.software,Julius Davies
Production Painter,Julius_Ryan7563@evyvh.autos,Julius Ryan
Production Painter,Lorraine_Walsh8978@lhp4j.solutions,Lorraine Walsh
Production Painter,Mackenzie_Tobin6691@gkvds.edu,Mackenzie Tobin
Production Painter,Moira_Webster8357@nb44i.info,Moira Webster
Production Painter,Percy_Noach7989@cke3u.tech,Percy Noach
Project Manager,Amelia_Strong3781@gkvds.com,Amelia Strong
Project Manager,Anthony_Poulton9435@evyvh.website,Anthony Poulton
Project Manager,Denny_Lambert2790@evyvh.tech,Denny Lambert
Project Manager,Ember_Calderwood4431@xtwt3.press,Ember Calderwood
Project Manager,Faith_Hunter2226@zynuu.directory,Faith Hunter
Project Manager,Fred_Bryant284@yvu30.center,Fred Bryant
Project Manager,Isla_Mcgregor11@bu2lo.store,Isla Mcgregor
Project Manager,Janice_Blackburn5046@dvqq2.info,Janice Blackburn
Project Manager,Lucy_Mooney7631@yvu30.info,Lucy Mooney
Project Manager,Mona_Vernon9825@3wbkp.zone,Mona Vernon
Project Manager,Rosemary_Connell6500@1kmd3.space,Rosemary Connell
Project Manager,Rylee_Bullock5235@karnv.biz,Rylee Bullock
Restaurant Manager,Dorothy_Simpson8982@dbxli.property,Dorothy Simpson
Restaurant Manager,Lucas_Mitchell332@cdpfn.host,Lucas Mitchell
Restaurant Manager,Manuel_Harrison3228@avn7d.zone,Manuel Harrison
Restaurant Manager,Phillip_Varndell2925@y96lx.design,Phillip Varndell
Retail Trainee,Ethan_Rose7218@c2nyu.solutions,Ethan Rose
Retail Trainee,Madison_Radcliffe6175@ag5wi.catering,Madison Radcliffe
Service Supervisor,Anabelle_Evans5172@v1wn5.ca,Anabelle Evans
Service Supervisor,Andrea_Chapman5242@xtwt3.name,Andrea Chapman
Service Supervisor,Ema_Farrell5296@karnv.com,Ema Farrell
Service Supervisor,Erick_Watson5838@v1wn5.center,Erick Watson
Service Supervisor,Felicity_Clayton4964@1wa8o.site,Felicity Clayton
Service Supervisor,Havana_Watt9997@bu2lo.website,Havana Watt
Service Supervisor,Iris_Brennan5872@cke3u.host,Iris Brennan
Service Supervisor,Jolene_Niles820@jh02o.property,Jolene Niles
Service Supervisor,Kendra_Hamilton5967@yfxpw.com,Kendra Hamilton
Service Supervisor,Marie_Andrews7517@yafr7.club,Marie Andrews
Service Supervisor,Percy_Anderson9166@karnv.ca,Percy Anderson
Service Supervisor,Rufus_Dale2737@crzq7.info,Rufus Dale
Service Supervisor,Russel_Parker5342@nmz0p.pro,Russel Parker
Service Supervisor,Savannah_Oldfield5130@xtwt3.digital,Savannah Oldfield
Service Supervisor,Tom_Robinson8564@xtwt3.shop,Tom Robinson
Software Engineer,Chadwick_Cameron9626@hepmv.mobi,Chadwick Cameron
Software Engineer,Chadwick_Wilkinson6171@jh02o.services,Chadwick Wilkinson
Software Engineer,Deborah_James2174@lyvnc.media,Deborah James
Software Engineer,Georgia_Page 3110@urn0m.website,Georgia Page
Software Engineer,Jamie_Wallace4388@uagvw.us,Jamie Wallace
Software Engineer,Jules_Casey1187@yafr7.store,Jules Casey
Software Engineer,Manuel_Robinson9706@p5emz.host,Manuel Robinson
Software Engineer,Marissa_Tanner2720@ohqqh.site,Marissa Tanner
Software Engineer,Owen_Rossi7950@avn7d.solutions,Owen Rossi
Staffing Consultant,Daria_Simpson986@iaart.biz,Daria Simpson
Staffing Consultant,Denny_Mann7150@ckzyi.site,Denny Mann
Staffing Consultant,Jack_Wood1961@bu2lo.works,Jack Wood
Staffing Consultant,Leah_Payne4249@voylg.software,Leah Payne
Staffing Consultant,Mara_Kent6702@bqkv0.store,Mara Kent
Staffing Consultant,Mark_Harvey5303@1wa8o.info,Mark Harvey
Staffing Consultant,Nate_Fenton7080@p5emz.mobi,Nate Fenton
Staffing Consultant,Piper_Chapman335@yafr7.audio,Piper Chapman
Steward,Anabelle_Broomfield5110@gkvds.com,Anabelle Broomfield
Steward,Angelica_Drew2143@lhp4j.catering,Angelica Drew
Steward,Carmella_Camden6371@nmz0p.meet,Carmella Camden
Steward,Elijah_Truscott3576@yfxpw.page,Elijah Truscott
Steward,Gwenyth_Flett2065@mpibr.com,Gwenyth Flett
Steward,Javier_Hobson4719@p5emz.us,Javier Hobson
Steward,Jaylene_Walker3310@yfxpw.pro,Jaylene Walker
Steward,John_Morris4316@chkzl.us,John Morris
Steward,Kurt_Bennett1625@mpibr.ca,Kurt Bennett
Steward,Mara_Seymour3854@nanoff.website,Mara Seymour
Steward,Martin_Noon9209@evyvh.org,Martin Noon
Steward,Nick_Torres1599@ag5wi.info,Nick Torres
Steward,Percy_Ellwood4696@lyvnc.host,Percy Ellwood
Steward,Remy_Weatcroft1219@karnv.site,Remy Weatcroft
Steward,Rick_Walker879@d9un8.audio,Rick Walker
Steward,Ryan_Abbot2649@ohqqh.catering,Ryan Abbot
Stockbroker,Barry_Locke3967@bcfhs.online,Barry Locke
Stockbroker,Brad_Hammond9645@6ijur.host,Brad Hammond
Stockbroker,Carter_Little3599@xqj6f.catering,Carter Little
Stockbroker,Emmanuelle_Moss8886@yafr7.info,Emmanuelle Moss
Stockbroker,Selena_Lyon1881@bu2lo.auction,Selena Lyon
Stockbroker,Tony_Smith3087@qu9ml.directory,Tony Smith
Systems Administrator,Alex_Calderwood1219@nb44i.catering,Alex Calderwood
Systems Administrator,Bob_Moran2828@iaart.biz,Bob Moran
Systems Administrator,Bob_Penn7203@cdpfn.media,Bob Penn
Systems Administrator,Daniel_Owen9042@mpibr.catering,Daniel Owen
Systems Administrator,Gwenyth_Dowson2305@gkvds.online,Gwenyth Dowson
Systems Administrator,Lorraine_Clark9965@v1wn5.shop,Lorraine Clark
Systems Administrator,Moira_Waterson8454@bqkv0.com,Moira Waterson
Systems Administrator,Mya_Moore1527@iaart.solutions,Mya Moore
Systems Administrator,Naomi_Mcnally7661@yahoo.video,Naomi Mcnally
Systems Administrator,Roger_Cattell2611@nanoff.design,Roger Cattell
Systems Administrator,Ryan_Sheldon8835@lyvnc.online,Ryan Sheldon
Systems Administrator,Vanessa_Edwards9652@nmz0p.design,Vanessa Edwards
Treasurer,Chuck_Pitt3941@karnv.zone,Chuck Pitt
Treasurer,Daron_Lindsay1767@mpibr.online,Daron Lindsay
Treasurer,Davina_Osman3704@iscmr.mobi,Davina Osman
Treasurer,Harry_Dickson977@ds59r.host,Harry Dickson
Treasurer,Lexi_Brown926@ohqqh.services,Lexi Brown
Treasurer,Lillian_Simpson4621@jcf8v.page,Lillian Simpson
Web Developer,Eve_Freeburn4187@zynuu.us,Eve Freeburn
Web Developer,Gabriel_Roscoe4507@gnjps.shop,Gabriel Roscoe
Web Developer,Javier_Uddin4866@3wbkp.net,Javier Uddin
Web Developer,Miriam_Moss6590@iscmr.shop,Miriam Moss
Web Developer,Nathan_Cameron8621@kyb7t.website,Nathan Cameron
Web Developer,Nick_Rogan1282@p5emz.name,Nick Rogan
Web Developer,Ronald_Thompson2685@zynuu.org,Ronald Thompson
Web Developer,Sloane_Weasley1858@d9un8.store,Sloane Weasley
Web Developer,Victoria_Coll1800@nmz0p.page,Victoria Coll
Webmaster,Alan_Gordon6606@cke3u.org,Alan Gordon
Webmaster,Anais_Dwyer2130@yahoo.website,Anais Dwyer
Webmaster,Angela_Mooney4527@yafr7.us,Angela Mooney
Webmaster,Benjamin_Price6351@yfxpw.meet,Benjamin Price
Webmaster,Harriet_Cartwright7664@d9un8.tech,Harriet Cartwright
Webmaster,Johnathan_York8740@fhuux.us,Johnathan York
Webmaster,Johnny_Graham6065@gnjps.name,Johnny Graham
Webmaster,Ruby_Widdows4968@3wbkp.org,Ruby Widdows
Webmaster,Vivian_Yoman8128@voylg.digital,Vivian Yoman
